station_id,b_pop,b_price,b_rating,num_bars,c_pop,c_price,c_rating,num_cafes
00fa94ad698dc4a9e4d708d6fd32f294,0.6159940468171642,2.3333333333333335,7.0,4.0,0.8528289708405564,1.3636363636363635,6.85,14.0
012d3e06901cc222b1c2cf0a2ace3a29,0.7559213366068508,1.7142857142857142,7.166666666666667,9.0,0.9422874848444025,1.0,5.55,5.0
029a505bd4422a1afd127987757f71a6,0.9569099901849464,2.0,7.199999999999999,5.0,0.8241175306837587,1.3076923076923077,7.557142857142858,15.0
0438114d2e6b96118de69bc9775bb21e,0.7861885425057805,2.0,7.1,12.0,0.8718894940436096,1.2727272727272727,7.26,13.0
0459b7e93703980b853cd65a9dc60596,0.234849213833452,1.0,,3.0,0.9173322299416871,1.0,5.4,6.0
04f64fde5ba1ebde8ad78c74914adb34,0.8577009680337176,2.0,6.1,2.0,0.8846506674877953,1.0,5.6,3.0
06487275cd19694152824c7c3088e8ff,0.8146807633208565,1.6,7.2,12.0,0.8066855430034063,1.2,6.966666666666666,21.0
064a7b39b1dbc4bfc4cf8f454e360c57,0.9092348107234272,1.5,6.425,6.0,0.8497655292751615,1.3333333333333333,7.449999999999999,15.0
066ecc3584913fa035ec1417323beb80,0.7871095629414369,2.5,6.6000000000000005,4.0,0.9111320669989672,1.3333333333333333,8.45,6.0
06bdc4d55f34b2a491305534fd5defda,0.7863140945452679,2.0,6.6,3.0,0.8948673043243971,1.0,8.033333333333333,13.0
07b13214cb69f2ec007d888450f3d6bc,0.7051121674589275,2.3333333333333335,7.666666666666667,6.0,0.775485460249033,1.1818181818181819,7.428571428571429,19.0
085a0e120a08a80a58c0ae0ff9da565a,0.9525413290737283,3.0,,1.0,0.893651007486384,1.0,6.8,1.0
08c7a90bf297fde8c1f1156db13987d4,0.5651161448009083,1.5,6.7,4.0,0.9087873597505821,1.4,8.266666666666667,6.0
0a43242bee10cd33f539af2c1bf5ecbf,,,,1.0,0.7825035443249103,1.0,,3.0
0b543fc4e694fe07a54dac48bb1b3390,0.8208898291075308,2.0833333333333335,6.848148148148148,50.0,0.8523420157091062,1.236842105263158,7.042857142857143,50.0
0c42f45e4a14957ad4a6d521d0ba8bc3,0.8417883925764836,2.0,7.4,8.0,0.8623808705335368,1.2,7.185714285714286,31.0
0c9ad3e3703e5869b82619ecdf54f43e,0.8244106156540483,2.0,7.8,5.0,0.86209062391199,1.0,7.114285714285714,16.0
0cee06d7d10f7d3162cea03d22b7beed,0.7040280210157618,1.6666666666666667,7.0,3.0,0.9212370816573969,1.5,7.2,5.0
0cf6cd1809fa7f510812f5b052f578c4,0.8722936433094052,2.5,7.875,15.0,0.8218441158804325,1.1764705882352942,7.561538461538461,24.0
0d1b5c62f8d22e3650811df55596e25b,0.5556090144531476,3.0,8.3,3.0,0.780681665094975,1.1666666666666667,7.279999999999999,11.0
0e0aef6fabaa808b3a3cef24657257a4,0.8206185003124813,2.09375,6.821428571428571,50.0,0.8256104665912022,1.1794871794871795,6.892857142857143,49.0
1648ead5ea617d2cea115869d9516f5e,0.8428629164180828,2.4285714285714284,7.225,10.0,0.7773220024908792,1.2857142857142858,6.133333333333333,12.0
1675a77b9af656faf527b4e6de53e63b,0.86946940974962,2.0,7.375,10.0,0.7361348305366272,1.4,7.557142857142858,14.0
175a074bf65455d1633639511dc129c8,0.8233867708473663,2.1666666666666665,7.5200000000000005,8.0,0.923717788341256,1.0,7.142857142857143,12.0
17a3320a52bcc62161908967f8a06613,0.8306999480379516,2.0,,1.0,0.9372510151844653,1.0,6.199999999999999,4.0
198810b9b0af5d229d1b6fa12c620e06,0.8336114723405191,2.0,7.45,7.0,0.9226766228517542,1.0,8.0,7.0
1b4c6f63f4bfbbd983992dbdca776865,0.8710671180023195,2.0384615384615383,7.283333333333333,43.0,0.8835463135813398,1.2121212121212122,7.252173913043479,50.0
1bca0e944a4faf170db82793414b03ab,0.8426031061757856,2.1666666666666665,7.675,7.0,0.857277573564789,1.1666666666666667,7.4,8.0
1c8f7fd6535db12cc45cfc59aa9da058,0.8306999480379516,2.0,,1.0,0.92305767787379,1.0,6.1,3.0
1d4153659a0a0a2089078c739df6737d,0.8334520120859875,2.1875,6.903846153846154,50.0,0.834036898911642,1.1538461538461537,6.758064516129032,50.0
1d442ad1a71774c82688a45954e47bfd,0.9143716761930422,1.6666666666666667,5.85,4.0,0.8661544235099402,1.0,7.5200000000000005,9.0
1d7e73b3321ebb6713774d376247d9f9,0.7861885425057805,2.0,7.1,12.0,0.8348092571259946,1.3333333333333333,7.194117647058824,23.0
1ef01f2f89621d51afbabaa6296e55be,0.758171650716059,1.8461538461538463,7.757142857142857,16.0,0.9359158792171052,1.5,8.15,10.0
1ef5c4ff3f0b09422bb1597fd9d7568b,0.6470121822135833,2.0,7.300000000000001,7.0,0.9350233829218068,1.0,6.7,6.0
25318ec3e06fae1397a3a2f645104149,0.8085459699169981,2.1666666666666665,7.016666666666667,12.0,0.8938896480052346,1.3333333333333333,7.2875,11.0
257715b845828e027ff35dd0f11c971e,0.8728941811253546,1.903225806451613,7.152380952380952,50.0,0.9055107465683689,1.1666666666666667,7.407692307692307,50.0
2681455ba2d97283998a806b14d3e95c,0.9143716761930422,1.6666666666666667,5.85,4.0,0.8537364561882951,1.0,7.5200000000000005,9.0
277b4b4881bdb7dac73012672179def8,0.9832566732741864,2.0,8.2,3.0,0.6490316455290186,1.0,5.85,4.0
2781435bde344e1b64f1bebac6bc9008,0.8273448676250778,2.1666666666666665,7.733333333333333,7.0,0.9365909047169992,1.5,8.133333333333333,7.0
2ef000bc9d4650d8cc6198c4d570b19f,0.7244556494293798,2.4782608695652173,6.858333333333333,29.0,0.8159430012069492,1.1428571428571428,6.98125,34.0
2f09a64507cf6257c67ca20af27339eb,0.5438213275341122,2.0,8.5,2.0,0.9325599969207675,1.0,6.833333333333333,4.0
2ff7eb4230654603592ab1b0780ec5e1,0.9029753084043802,1.0,7.2,3.0,0.8825960129437738,1.0,7.483333333333333,7.0
32603a87cfca71d0f7dfa3513bad69d5,0.7907342594858231,2.3225806451612905,6.914285714285714,50.0,0.793091934335367,1.2222222222222223,7.081818181818182,24.0
32f70f7ae14ba87523c6286a6c4d5c37,0.818550653881099,2.142857142857143,6.8374999999999995,50.0,0.847427977294608,1.2121212121212122,6.98,48.0
3367c1e1dbf73caf7c10e4c96a92f58d,0.8109658127171262,2.0,7.304347826086956,50.0,0.9031643925251631,1.3157894736842106,7.273076923076923,49.0
3596b4831ee2ea7812de753b32306835,0.8888469236542792,1.5714285714285714,6.38,11.0,0.7622101191278075,1.5,8.014285714285714,15.0
35eb539fb9298bb7e4f6759ca0256505,0.9105819749427456,2.4,7.814285714285715,15.0,0.8472412001308673,1.2941176470588236,7.941666666666666,24.0
365da33e9ce06ea53db1173a0f8eae71,0.8434980081214758,1.75,6.6571428571428575,10.0,0.9529069879332577,1.1111111111111112,6.625,10.0
38f045e3f43f86eae42ca4c60257ade0,0.8817767171532496,1.0,6.5,2.0,0.9245716338535953,1.0,7.666666666666667,3.0
3a4131fa94946d93d3529136efd62413,0.8119404938319125,2.2857142857142856,7.076470588235294,35.0,0.8458561115406691,1.25,6.988888888888889,20.0
3aed670ccdcd94b966c0f505f8b028c7,0.9178999634341141,3.0,,1.0,0.9284188416037303,1.1666666666666667,7.1,8.0
3e112f9fe877e0003780386359060ae6,0.8664294695380509,2.0,7.3875,35.0,0.8831985152091084,1.2285714285714286,7.016,50.0
41a55a7e2908fbbd65175b794d26bc8d,0.5556090144531476,3.0,8.3,3.0,0.7469111448971344,1.25,7.175,9.0
434b6f4e7fc30198f901b60fc905f609,0.843196098997325,2.0,7.0,18.0,0.8919808585536143,1.1111111111111112,7.066666666666666,29.0
444991edc9550be0908f032da5e3c95f,0.8286022208964415,1.7777777777777777,7.0200000000000005,11.0,0.8748882174451352,1.0769230769230769,7.333333333333333,17.0
44fc3d58831a9f2b919c7a3a1838b74a,0.7120404405868505,2.0,7.0,7.0,0.7056951367371682,1.125,6.1000000000000005,13.0
475627e149c1a6ba73caac8d8d2fa617,0.7343937440259682,1.5,7.949999999999999,7.0,0.8063419359391338,1.4,7.366666666666666,12.0
485d4d24c803cfde829ab89699fed833,0.7445556296470996,1.5,7.366666666666667,7.0,0.7886171038535311,1.15,6.836363636363637,26.0
4990fe5772f3b73eebeec125b41e478e,0.8968193432947109,1.9565217391304348,6.91875,29.0,0.8381552436516736,1.0909090909090908,6.892307692307692,28.0
4ac99b928a91d8ccb785c9d0b805adb6,0.8573521487269298,2.0714285714285716,7.622222222222222,20.0,0.8456296973861618,1.3125,7.354545454545455,20.0
4cb84c9a3743287019ae00ceef9a1cd3,0.8748869344315929,2.0,,2.0,0.8545940705529147,1.0666666666666667,6.455555555555556,17.0
4e8fdc99e77ba1b70d90e124a704d0c1,0.7930178403033044,2.25,7.2,6.0,0.9326081099286003,1.0,7.25,6.0
4f6ebf2026d540ffe40e29a80138ad5e,0.8424664652335405,2.6666666666666665,6.94,11.0,0.6723865014145224,1.1428571428571428,6.779999999999999,10.0
5105df3dd0daf4c26980f4134f61e5cc,0.8127574971169206,2.3076923076923075,6.888888888888889,18.0,0.8730416590723585,1.1071428571428572,7.209090909090909,42.0
51e4d3731aebbf9c3186f310a08de6c8,0.8627335886530282,1.4,6.35,7.0,0.8585862473778412,1.2941176470588236,7.745454545454546,24.0
521c2122c791ed038168c3b8ff24061b,0.8663698628672359,2.125,7.783333333333334,10.0,0.9366608289550497,1.4,8.05,9.0
57e928d8c30fab0ebffb3ede850f89d6,0.813494736436943,1.8,6.94,7.0,0.86871530165843,1.2352941176470589,6.7700000000000005,19.0
58a026f0c506caec20697a4f90538450,0.7208290833509748,2.25,8.45,6.0,0.8171128346259695,1.0,,6.0
5a34495280727a5b50b9aa41e14e9a16,0.8132890533284579,1.8125,6.745454545454546,21.0,0.8201622038810276,1.1666666666666667,7.29375,34.0
5ba6e9725b1b0ee8cd25df976e47726b,0.9226150382017281,1.6666666666666667,5.9,5.0,0.6272107927099171,1.0,6.5,2.0
5de0fe55497681d4cc9dd25509cf51ab,0.8729450934354611,2.5,7.2124999999999995,13.0,0.8757677232283186,1.0833333333333333,7.2333333333333325,36.0
5f45325fdd6334a4c0d3b62853b19fa6,0.873000283711543,1.9666666666666666,7.172727272727273,47.0,0.8940184159098344,1.2702702702702702,7.364285714285714,50.0
5fc29e0ac42c11abb45bf12aaeb925bd,0.7677168132509639,2.3333333333333335,,3.0,0.9471558797303105,1.2,6.625,7.0
61901a235d4cfceb7f8f2c3888b98617,0.5629029464405997,1.5,7.8,4.0,0.7386466423244006,1.3,8.25,16.0
625a2ad202275c8e2be3ce868e85b105,0.9798887627258905,3.0,8.3,2.0,0.7601662785550702,1.0,6.720000000000001,14.0
6526a2eb3832f9ba0224d237e901ea5b,0.7347658179532085,1.75,6.766666666666667,8.0,0.9216239102403726,1.0,7.0,4.0
6620c54bd6b3a79800b2b67e999b24d0,0.7704979835785758,2.0714285714285716,6.866666666666666,24.0,0.8837083278045579,1.2352941176470589,7.391666666666667,23.0
664502c28e8147615f17b8ea355f40d0,0.802459750796003,2.388888888888889,7.183333333333334,23.0,0.8583485125156084,1.096774193548387,7.136363636363637,40.0
66a53e9c32e4f5c724f9478240020142,0.7386068397451935,1.75,6.449999999999999,6.0,0.8732946768900204,1.2592592592592593,7.322727272727272,40.0
66f873d641d448bd1572ab086665a458,0.5781932603298627,2.0,7.3500000000000005,4.0,0.8077951955090578,1.1666666666666667,7.7125,18.0
671ce9e4a92063620f772d2c57f0f3ab,0.9565828217316834,2.0,6.7,3.0,0.7828852408537172,1.5,7.300000000000001,4.0
680b1ddfd50c4397b365c9c00f09b0d1,0.8032330749905062,1.6,7.175,11.0,0.8539516525506017,1.2727272727272727,7.383333333333333,15.0
686b314a6c3348efd2297d6b3dfed1a7,0.8849727038868895,2.0,7.166666666666667,16.0,0.8353388118011585,1.0476190476190477,6.926666666666667,27.0
686c0fdb962e26e274d81fc286c010dd,0.4292385956133767,2.3333333333333335,7.3500000000000005,4.0,0.6958680548873193,1.1666666666666667,7.659999999999999,10.0
6993b3dbb0758927967592ea612a2b1e,0.829810140410738,2.0625,6.848,50.0,0.8729499849245909,1.2,7.012121212121213,50.0
6b1622540fe5c85d365754dd8c20bf0c,0.8631112757645156,2.0,6.966666666666666,10.0,0.7550662997247936,1.3076923076923077,7.49,16.0
6c0de983fb47a3439a9e3c36a3d15804,0.9222128134562461,2.5,7.971428571428571,14.0,0.8243143896383825,1.2105263157894737,7.800000000000001,25.0
6c24a62b5ee0a2a8014eb0dfb6d40025,0.8571111591612262,2.0,6.912000000000001,45.0,0.8362449721906815,1.1851851851851851,6.825,34.0
6c7fb9043e6df5a4cc50404581a947b9,0.8248582040926299,2.0303030303030303,6.825,50.0,0.8372126066726805,1.1951219512195121,7.11,49.0
6d42fa40360f9a6b2bf641c7b8bb2862,0.7903771235019671,2.0416666666666665,6.705882352941177,39.0,0.8917898555248519,1.2702702702702702,7.244827586206896,50.0
6ddeafa873279951630a00191333c45d,0.83712839574736,2.064516129032258,6.9409090909090905,50.0,0.8443745396459932,1.131578947368421,6.865384615384615,50.0
6eaa02e5bcf78db5386683d38fa2dabd,0.7825893458555455,1.8333333333333333,7.5,9.0,0.8091468009290992,1.3636363636363635,7.12,13.0
707c1c54e0278fbae5d0ae3c42a25b71,0.8528729880743892,2.076923076923077,7.925000000000001,18.0,0.8026891963844679,1.2307692307692308,7.590000000000001,16.0
7181df50ee1d1a05559399211382b7c8,0.8249243065355149,2.1875,6.82,50.0,0.8519103488455503,1.1578947368421053,6.944444444444445,50.0
71c064fa93cab5f0b7306e6c923b77c4,0.8079097784877118,2.0,6.833333333333333,6.0,0.868085358890963,1.2727272727272727,6.414285714285714,12.0
72c1049dfbbde7c24ec45c14f1a5ee85,0.9161788924110665,2.0,7.2,7.0,0.7900070351909231,1.0,6.9,9.0
73f388336d879bedc962cd412eb0296e,0.8687332807297782,2.0,7.177777777777777,14.0,0.7275392441767222,1.25,7.2875,15.0
797ff1725f8d2b18337de51e240ff60d,0.6362752833856161,1.5,8.2,4.0,0.7316304536094378,1.25,6.3999999999999995,5.0
7a19c49f486d7c0c02b3685d7b240448,0.5781932603298627,2.0,7.3500000000000005,5.0,0.8104874202210363,1.2222222222222223,7.56,25.0
7b8dfa12900bcb02b47a14e4e5010ba3,0.8024210465541464,2.5,7.625,5.0,0.8468502819422259,1.0,6.933333333333334,18.0
7c17f51469f1a7145455f65ef6afbd87,0.7863140945452679,2.0,6.6,3.0,0.90149920132407,1.0,8.0,6.0
7ed043a19e6a4ece742fe747b663bdbf,0.757722137757164,1.8,7.8999999999999995,9.0,0.9010989010989011,1.1333333333333333,7.827272727272727,21.0
7f091b50fbbd892bf9fb869a64c47120,,,,1.0,0.840191682223206,1.2222222222222223,7.0375,16.0
826af7eee4ce28b6fa4b4f0211305792,0.8411543700510425,1.2857142857142858,6.2,11.0,0.8019079213256096,1.3571428571428572,7.659999999999999,21.0
82c794442f54fabf9db6e392ca1fac0f,0.9346240449567945,4.0,7.6,1.0,0.9226342834048613,1.0,8.2,2.0
838d5bb59963474ad08a6d5b156943ed,0.8086982396560735,1.8333333333333333,7.757142857142857,15.0,0.8486086787312707,1.375,7.88,11.0
852212d6d52b5f00544fad01d21c7db2,0.8722811339273686,1.9285714285714286,7.363636363636363,18.0,0.769959462603946,1.2272727272727273,7.258333333333333,25.0
899f59a9994302e8e1e4be01117ef707,0.8817767171532496,1.0,6.5,2.0,0.9245716338535953,1.0,7.666666666666667,3.0
89a0b49a66e54a7639ad960962148a3e,0.747047465085994,2.0,7.8999999999999995,6.0,0.8369498277554319,1.0,7.75,5.0
8c9ea7f2132376859ef34fab981d6932,0.8024331858361227,2.393939393939394,7.0120000000000005,50.0,0.821018672071596,1.2058823529411764,6.953846153846154,47.0
8d2d5bb3b9142f781f2a7f441e6bad7a,0.9657242932199149,2.0,,1.0,0.6956371124497219,1.0,7.4,1.0
8d5f47f01d7ad668419dfe9b7fe69c9a,0.7269971709551395,1.75,7.266666666666667,10.0,0.8265369700352188,1.2666666666666666,7.55,23.0
8d6f0cbf7d44d2908c8ce73ed00dbf66,0.8494255306864764,1.4285714285714286,6.671428571428572,9.0,0.9172208826949882,1.0909090909090908,7.0,14.0
8dc684732a2a25bdf63ec0ecccee4e6e,0.7728488674197956,2.0,6.6,3.0,0.9021621985720059,1.0,5.533333333333334,4.0
8e44a17d2fa446ca220b90c7063b42ca,0.7863140945452679,2.0,6.6,3.0,0.9184869421296742,1.0,7.85,2.0
8e93d0da1ee6caadf21ed9575b5fa9da,0.9222031908546795,1.75,7.025,9.0,0.8624785897115144,1.25,7.199999999999999,5.0
8fb5ce1e34ad31de940481953aea452c,0.7321813475491233,1.2,7.040000000000001,8.0,0.8612656073251519,1.1333333333333333,7.2749999999999995,20.0
90c746df94ce1a12f1f617acfe4a8ce3,0.8050922807490234,1.9333333333333333,6.833333333333333,20.0,0.8488499788302766,1.1538461538461537,7.257894736842106,40.0
910027847876403b57f1013c16504688,0.8161940136420996,2.1666666666666665,6.796,50.0,0.8691829186575245,1.162162162162162,6.985185185185185,50.0
91035fe1d70b65c9cb8ec4a007af7c7f,0.8195281076191758,1.5,7.2,2.0,0.8091569419185037,1.0,6.8,7.0
9130f9aa3bb037a04c17e6f2630327e5,0.7269971709551394,1.75,7.266666666666667,9.0,0.8269958124702124,1.25,7.6,24.0
92c9e62c0b42adf4759c430009d3987a,0.6790990678906615,1.25,7.733333333333333,6.0,0.8631418618909237,1.2222222222222223,7.2153846153846155,21.0
93c88a18c673e2c72a6afa93d6b89f18,0.8961504782432979,2.2142857142857144,7.790000000000001,20.0,0.849461882736839,1.2941176470588236,7.724999999999999,23.0
9413725a5d3bb5ce2ad0682b07a3ffab,0.8290641057716365,1.9583333333333333,7.094736842105264,36.0,0.8962826771241221,1.1714285714285715,7.2,50.0
9449a6a83fbf88452e384350e5ac95b7,0.8450953599815246,1.75,6.825,8.0,0.7930114252355933,1.5555555555555556,7.816666666666666,13.0
95e624191c655f50e401d280cd39a9ad,0.8322844697625783,2.4,7.140000000000001,6.0,0.8836959887747979,1.0,6.85,13.0
96bf713e60bc35cc2feb5fd53a4f3471,0.8162083100787129,2.0,6.65,7.0,0.9266162908894958,1.0,6.233333333333333,11.0
97388f4e4ea102a30345524bda465f4e,0.8412765618169671,1.6,6.9799999999999995,7.0,0.881262595298122,1.0,7.18,10.0
9763838317308a4766b83696986a157b,0.9177973223507374,1.3333333333333333,7.033333333333334,4.0,0.8432780629428115,1.0,7.5,7.0
97b25faf822b93fdbf72da1d594c0288,0.8139404969527562,2.0,7.3136363636363635,50.0,0.8649770630036318,1.3,7.3500000000000005,50.0
983e58671adcc67af94457d7887dbb15,0.6362752833856161,1.5,8.2,4.0,0.8256341829021339,1.4444444444444444,7.075,10.0
988f8f74c4a12d1a30ddf2f7cd6318f8,0.9178999634341141,3.0,,1.0,0.9346769692654107,1.0,6.666666666666667,6.0
99c81f71db35911c79a86a1c5edc5604,0.8253889981338858,1.8888888888888888,6.82,12.0,0.8840957641307904,1.1428571428571428,7.236363636363635,18.0
9a48ca226f82f52d02707b054ebc7e9e,0.7618935355362676,2.5,6.5,5.0,0.905211875939922,1.0,7.220000000000001,9.0
9a5478470b56379c31cf4e671584d5cc,0.8638113200284829,2.625,7.783333333333334,11.0,0.8979000734067034,1.0,7.409999999999999,17.0
9bee3167f10c884044cea0d36afcd1ef,0.8810742672388907,2.0,7.0,2.0,0.9546044148495987,1.0,6.666666666666667,5.0
9c1397c06e07bf74fc049f1a0872eea0,0.9008631473605204,1.5,6.125,5.0,0.7920151652200689,1.4285714285714286,6.9,14.0
9d3123425823420514b8ad410074f02d,0.7772254530264214,2.0625,7.0636363636363635,23.0,0.7982958372625624,1.3043478260869565,7.176923076923076,31.0
9ec4163496363b31ab475cb851b57b21,0.7282335066139555,2.0,6.783333333333334,21.0,0.8747341756317237,1.2142857142857142,7.2299999999999995,22.0
a59924f0ff3fb481a7bd8a5e9c36858f,0.980928003695079,2.0,7.9,2.0,0.8954600565808972,1.3333333333333333,7.65,4.0
a6455af6b689bcbad07ae2c8a3419b50,0.6362752833856161,1.5,8.2,3.0,0.8158691133734917,1.5,7.075,9.0
a6aec7b8c25da4c02829cd7839b8933d,0.9405620978242056,1.8571428571428572,7.028571428571429,9.0,0.8197824192320065,1.0,6.966666666666666,7.0
a6c6df138cbc97b9f81e7ffbbebdde6f,0.8958355973850913,1.875,6.917647058823529,33.0,0.8584207386308962,1.12,7.2375,33.0
a9f0b06d07f89b75e92c0cf686223aea,0.7947803801569125,2.3333333333333335,6.85,31.0,0.8449052549261853,1.2,7.12,50.0
abfaf72456a4828a22f5bf60d3a80777,0.9429957083197014,1.0,6.1,1.0,0.8276741744342444,1.1666666666666667,7.8999999999999995,11.0
ac3b8198f03754a0afb8b6ed6d220cdd,0.9450164546486789,2.25,7.0,7.0,0.8012855795692924,1.4,7.557142857142858,12.0
ace20c241ee38643c9060f290b215b9d,0.9098875438630255,2.3333333333333335,8.3,4.0,0.8520926894265722,1.0666666666666667,6.455555555555556,19.0
ae69aeab748d02e5a7d89da28a1a8511,0.8558534285329381,2.1666666666666665,7.3999999999999995,9.0,0.6736821847154596,1.2,6.1000000000000005,7.0
aed214941445e0345aa3254805a9e8b8,0.845961394122515,2.5,7.8,3.0,0.9262639287157676,1.0,7.85,7.0
b07d513f87897cff7319a0e59d7e567c,0.9114634547352443,1.5,7.275,7.0,0.9725370951290391,1.0,6.833333333333333,6.0
b10d422b045805f1c350c47c983381e8,0.7392531578170808,2.3333333333333335,7.199999999999999,5.0,0.9513513340133305,1.0,7.066666666666666,8.0
b2c6aaf2b4fa8937bfe3941c038683aa,0.6362752833856161,1.5,8.2,3.0,0.7316304536094378,1.25,6.3999999999999995,5.0
b307709b305dd04328fbbf2c6db86419,0.955630184176594,2.0,7.8,3.0,0.915208040645869,1.25,7.44,10.0
b3bb9f58d3530d33a1a09b6be9e973e0,0.8346508750341036,2.064516129032258,7.054166666666667,48.0,0.9207529578808037,1.1842105263157894,7.3533333333333335,50.0
b428c0e64d9b9fdb3bf8e85c95ffdf6b,0.7256259502319047,2.0,7.199999999999999,5.0,0.9530109120301764,1.0,6.75,8.0
b530d04d393d71cffb8b8b07f4a82380,0.9306499105098054,1.5,5.8,2.0,0.8812715305710052,1.0,7.875,11.0
b562f08327af465e4531e20226789489,0.8512400784104562,2.0,6.966666666666666,9.0,0.736228206657952,1.3636363636363635,7.550000000000001,15.0
b7683a86874e6300fd89f4cc0b075f57,0.8022259826738186,2.4444444444444446,7.0736842105263165,38.0,0.8061524165101849,1.1724137931034482,6.930434782608696,41.0
b9ab6ce009eda6006ade1d7568d9db9c,0.6429822366775081,2.5,6.7,10.0,0.8985200438790631,1.3333333333333333,8.6,8.0
b9baf685b7053de899bf3467f61c2781,0.8176757568176132,1.3333333333333333,6.716666666666666,9.0,0.828583937953465,1.2941176470588236,7.33,20.0
b9fd847d53fe45658fee4c46e7f562b8,0.5469165977046888,2.0,8.5,3.0,0.9028838936894978,1.0,6.985714285714286,8.0
bb0847559ce71c93d8215c0997ea2811,0.7487538730971306,2.5,6.5,6.0,0.8301553087892843,1.0,7.075,14.0
be14efdc86dedd6a8cd338e78ab4e7c7,0.9148977117453475,1.8,7.1,10.0,0.8914805762441489,1.125,7.275,10.0
bede4b24dae115d4cd43d2e6cc9812cb,0.8481835735776192,2.142857142857143,7.466666666666667,19.0,0.8376678436429131,1.3125,7.339999999999999,19.0
bf8408067b0e0c963f3ff526977bcef3,0.8403895514228265,2.2962962962962963,7.105263157894737,35.0,0.836162005224849,1.131578947368421,7.046153846153846,50.0
bf96df77771ef0ed710d8e0e67917f45,0.8019219542862275,2.0,7.449999999999999,8.0,0.9268374357691345,1.0,6.8999999999999995,11.0
c2a9c5d0e4578b928554c86f3d2c1162,0.8157921325609592,2.3125,6.963636363636363,22.0,0.8455444147212974,1.0857142857142856,7.1625000000000005,50.0
c2be5403b1c101e8032cf6696457200e,0.7309664941013453,2.0,7.566666666666666,7.0,0.8098610015203711,1.25,7.188888888888889,21.0
c2f4e05c01ea0d27934ac7dbc50cbd0c,0.9253713789615716,2.7142857142857144,7.866666666666667,11.0,0.8095677527376302,1.1578947368421053,7.325,23.0
c448b73d92f7f8e1daafb3b9c5fbe6a6,0.6506764688901291,2.0,8.350000000000001,7.0,0.8263649660322165,1.0,6.833333333333333,9.0
c47a1f62ea461ce1c9f3e2478c657df6,0.6713771592430586,1.4285714285714286,7.1000000000000005,8.0,0.8981415548841118,1.4,7.2,6.0
c52e51e3288a00993bdf892fdc2c2c2c,0.767408890000834,2.0,7.95,10.0,0.9061334462385251,1.0,7.7,6.0
c64ee19c62a363019ddbaedf71df2882,0.6362752833856161,1.5,8.2,4.0,0.8280152422008815,1.4,7.022222222222222,11.0
c7b5bec0b2f4ab9a2d3f9d837725620c,0.7780367047861148,2.5238095238095237,6.815384615384615,29.0,0.7978023352679344,1.0909090909090908,6.877777777777777,32.0
c924f6a41b130fad49cfae47271314bc,0.903331344662343,1.6,7.125,5.0,0.8544677739073536,1.0,6.65,5.0
cb6fddfdac7d350d25be475c7ab9e05a,0.7756462951609312,1.96,7.486666666666666,39.0,0.7858288821511238,1.2727272727272727,7.433333333333334,23.0
ce5dccf5a0f190bb4567a2fd93e7971e,0.013933527068378207,3.0,,2.0,0.847111732400699,1.263157894736842,7.24375,24.0
d0782213f003ce9eb276fbceff44f1f4,0.692305767787379,1.8,7.699999999999999,12.0,0.9110005581108909,1.5,8.15,10.0
d085c6749a32517e1fb0d070e4128402,0.9232418819609213,1.8333333333333333,7.333333333333333,11.0,0.8789407990058479,1.3076923076923077,7.3999999999999995,15.0
d145b7498709289702095a4a2fcb2e03,0.9437462712418929,2.0,,1.0,0.8772797546878107,1.0,5.6,3.0
d1c9556d92f329703229fb3e33899a3b,0.9193037222988883,1.3333333333333333,7.333333333333333,6.0,0.8850637978483864,1.4,6.966666666666666,6.0
d2244f1a81d317c76cabd65e81250835,0.7592843421559388,2.619047619047619,7.0625,34.0,0.7447183945651547,1.2666666666666666,6.99,21.0
d3aaff4414a8c3fd5480c470f77ff68a,0.496199072381209,2.0,,3.0,0.8437955835225731,1.0,7.366666666666667,11.0
d67640af1b3b3b3ce47169dbc9182470,0.7343937440259681,1.5,7.949999999999999,7.0,0.8063419359391338,1.4,7.366666666666666,12.0
da8b6e94f90ad41a3f8de10596992372,0.7457689420911837,1.8,6.74,13.0,0.8666773973253833,1.1481481481481481,7.476190476190476,39.0
db51c556fe50ec1deefbc9697c70cb51,0.6699896717409852,2.0,7.6,6.0,0.787780184250614,1.3076923076923077,7.242857142857143,18.0
dcf3d5c9f1b3a46f0ef2eb2247931f89,0.9090300631456498,2.625,7.58,11.0,0.8908309437206109,1.0714285714285714,7.188888888888889,17.0
df5ab349a7a85d4b10da4cc3ec65c607,0.9079381651623333,1.875,7.0,10.0,0.8362656607840495,1.1,7.3875,10.0
e0318460138ffbf4692005d5b5a9f900,0.8718077019302939,1.5,6.5,6.0,0.9418987317411136,1.0,7.2,7.0
e12234b6f1299d178f34bffaca92f043,0.8217351200213346,2.2142857142857144,6.915000000000001,36.0,0.8433595365379569,1.2285714285714286,7.334782608695652,50.0
e1432b72df561a1df34290679ec9c773,0.5556090144531476,3.0,8.3,3.0,0.8580974192182598,1.4,6.94,11.0
e1a4d91fdae7e18483373f648141e53e,0.9175939647042975,2.2,7.2,10.0,0.8925762369114114,1.0833333333333333,7.08,14.0
e44c2235dd603dbee54fe08f7543e85a,0.5438213275341122,2.0,8.5,2.0,0.9325599969207675,1.0,6.833333333333333,4.0
e75e83499d3fa2e174dc2a8ffd238119,0.7861885425057805,2.0,7.1,12.0,0.8718894940436096,1.2727272727272727,7.26,13.0
e7bf01431a6982f032996ad50a9e5bd7,0.827328188449029,1.8461538461538463,7.67,18.0,0.8098506990610852,1.173913043478261,7.176923076923076,26.0
e9b37f2d9b7b2e2e3ade73f13acb69b2,0.7892757174718645,2.3548387096774195,7.043478260869565,50.0,0.830785176794684,1.2,7.164705882352941,33.0
e9c4bd1fffbb1e5b058b8ea15f7307f6,0.8063258982698562,2.0,8.25,9.0,0.8601104674659841,1.0,7.8999999999999995,12.0
ea9485fcdce0611243474d000e4ad248,0.5556090144531476,3.0,8.3,3.0,0.8550109163068883,1.25,7.416666666666667,10.0
ebc551adb0fc1a684f4080e4954a9ba4,0.7796159619714786,1.8333333333333333,6.966666666666666,10.0,0.7680916937703277,1.4285714285714286,7.454545454545454,16.0
efa947b901a2cf85b58320b3ad26a2fe,0.013933527068378207,3.0,,2.0,0.846034875807205,1.4,6.8,11.0
f1ca711137cde59e824167a4274df888,0.8126119403448369,1.9655172413793103,7.465000000000001,40.0,0.7886211861693473,1.303030303030303,7.254545454545454,37.0
f3708906ec71348f5a42579fede36a0d,0.8410566166383029,2.3333333333333335,7.161538461538461,24.0,0.8762061931063683,1.0810810810810811,6.992000000000001,47.0
f387ec226c432c5c054e3d3616d90501,0.8680885664248186,2.0,7.375,9.0,0.7300949084594511,1.3636363636363635,7.525,14.0
f5e8fa1fc4252bda2f93dd27ed2d603f,0.7840239153724268,2.2,7.1,11.0,0.8405975956326218,1.2857142857142858,7.155555555555556,26.0
f62bc2bfe9a0a563d5b6745ce6d962ba,0.8810742672388907,2.0,7.0,2.0,0.9567592360937369,1.0,6.666666666666667,6.0
f90ed7ad754ec04b7852941a480a4c77,0.9250174810595126,1.6666666666666667,6.4799999999999995,8.0,0.8387348203460288,1.4444444444444444,7.1,14.0
f97d5bf41f35aa181288429fb52e3488,0.8378725283278698,1.8823529411764706,7.252173913043479,50.0,0.9020736930157368,1.3076923076923077,7.387096774193548,50.0
fad9ebcf614dd1a72593a34072ff76f8,0.8876929742334894,2.054054054054054,6.8076923076923075,50.0,0.8572366775081312,1.0714285714285714,6.83,35.0
fbb1d30d7f30b049873f5be5688563d4,0.8290932839828383,2.193548387096774,7.145454545454545,46.0,0.8750051549651249,1.1470588235294117,7.263636363636365,50.0
fbb4c06b719596c21f91fd51ef6d4710,0.7936712644386757,1.5,7.2250000000000005,7.0,0.8034750759425845,1.1666666666666667,6.9363636363636365,23.0
fe0c57d04d6e682d284d501446095fc9,0.8642457117563448,1.9285714285714286,7.26,17.0,0.7398743502070997,1.2222222222222223,7.354545454545455,22.0
fedff7a263c182df94bda7307059cc52,0.7818385156388659,2.3225806451612905,7.033333333333333,50.0,0.8214990302555977,1.162162162162162,6.889285714285714,49.0
fef69fb400210d861107a61db954d037,0.7804834915167664,2.090909090909091,7.221739130434782,50.0,0.8728090023561628,1.2647058823529411,7.386956521739131,46.0
fffd87607aaae16fbb1f71615cbe7d17,0.8500477922544473,2.076923076923077,7.65,18.0,0.7952846503009124,1.25,7.1375,15.0
